OrderID,Product
SO1001,Shoes
SO1001,Bottle
SO1001,Bike
SO1002,Helmet
SO1002,Bottle
SO1002,Bike
SO1003,Gloves
SO1004,Shoes
SO1004,Jersey
SO1004,Socks
SO1004,Helmet
SO1005,Helmet
SO1005,Shoes
SO1005,Jersey
SO1006,Bottle
SO1006,Gloves
SO1007,Bike
SO1008,Jersey
SO1009,Bottle
SO1009,Gloves
SO1010,Shoes
SO1010,Jersey
SO1011,Helmet
SO1011,Socks
SO1012,Helmet
SO1012,Gloves
SO1012,Jersey
SO1012,Socks
SO1013,Jersey
SO1013,Socks
SO1013,Gloves
SO1014,Bike
SO1015,Shorts
SO1016,Bottle
SO1017,Socks
SO1018,Shoes
SO1018,Bike
SO1018,Socks
SO1018,Jersey
SO1019,Bike
SO1019,Bottle
SO1019,Shorts
SO1020,Gloves
SO1020,Bottle
SO1020,Shorts
SO1021,Bike
SO1021,Bottle
SO1022,Shoes
SO1022,Bottle
SO1022,Shorts
SO1022,Helmet
SO1023,Socks
SO1023,Helmet
SO1023,Gloves
SO1024,Shoes
SO1024,Jersey
SO1025,Bike
SO1025,Gloves
SO1025,Socks
SO1026,Bottle
SO1027,Shorts
SO1027,Shoes
SO1027,Gloves
SO1028,Bike
SO1028,Shoes
SO1028,Gloves
SO1029,Gloves
SO1030,Gloves
SO1031,Shoes
SO1031,Shorts
SO1032,Helmet
SO1033,Shoes
SO1033,Jersey
SO1033,Bottle
SO1034,Gloves
SO1034,Bottle
SO1035,Helmet
SO1035,Bottle
SO1035,Shoes
SO1035,Socks
SO1036,Shoes
SO1036,Bottle
SO1036,Gloves
SO1037,Shoes
SO1037,Gloves
SO1037,Bike
SO1037,Shorts
SO1038,Helmet
SO1038,Gloves
SO1039,Jersey
SO1039,Gloves
SO1039,Shoes
SO1039,Socks
SO1040,Bottle
SO1040,Helmet
SO1040,Jersey
SO1040,Socks
SO1041,Shoes
SO1042,Gloves
SO1043,Bottle
SO1043,Shorts
SO1043,Gloves
SO1043,Socks
SO1044,Helmet
SO1044,Shorts
SO1045,Jersey
SO1046,Bike
SO1046,Bottle
SO1046,Gloves
SO1046,Shoes
SO1047,Helmet
SO1047,Shorts
SO1047,Bottle
SO1047,Socks
SO1048,Bike
SO1048,Socks
SO1048,Shoes
SO1049,Helmet
SO1050,Jersey
SO1051,Bottle
SO1052,Bottle
SO1052,Shoes
SO1053,Gloves
SO1054,Helmet
SO1054,Gloves
SO1055,Helmet
SO1055,Gloves
SO1056,Gloves
SO1056,Shorts
SO1057,Shoes
SO1057,Shorts
SO1057,Helmet
SO1058,Jersey
SO1059,Helmet
SO1059,Bottle
SO1059,Socks
SO1059,Gloves
SO1060,Gloves
SO1060,Shorts
SO1061,Jersey
SO1061,Shorts
SO1062,Bottle
SO1062,Gloves
SO1063,Shoes
SO1063,Bottle
SO1063,Jersey
SO1063,Helmet
SO1064,Socks
SO1064,Bottle
SO1065,Shoes
SO1065,Gloves
SO1065,Socks
SO1065,Shorts
SO1066,Jersey
SO1066,Shorts
SO1066,Helmet
SO1066,Bike
SO1067,Bike
SO1067,Jersey
SO1067,Bottle
SO1068,Shoes
SO1069,Helmet
SO1070,Shorts
SO1070,Socks
SO1071,Gloves
SO1072,Jersey
SO1072,Shoes
SO1072,Bike
SO1072,Bottle
SO1073,Helmet
SO1073,Jersey
SO1073,Socks
SO1074,Bike
SO1074,Gloves
SO1074,Helmet
SO1075,Shoes
SO1076,Socks
SO1076,Bike
SO1076,Gloves
SO1076,Helmet
SO1077,Socks
SO1077,Bottle
SO1077,Bike
SO1078,Helmet
SO1078,Bottle
SO1079,Shorts
SO1079,Bike
SO1080,Jersey
SO1080,Helmet
SO1080,Shorts
SO1080,Shoes
SO1081,Shoes
SO1082,Jersey
SO1083,Shorts
SO1083,Shoes
SO1084,Bottle
SO1084,Jersey
SO1084,Helmet
SO1085,Shorts
SO1086,Bottle
SO1086,Socks
SO1087,Bottle
SO1087,Socks
SO1087,Bike
SO1087,Shoes
SO1088,Helmet
SO1088,Shoes
SO1088,Gloves
SO1088,Bottle
SO1089,Bottle
SO1090,Shorts
SO1090,Jersey
SO1090,Bottle
SO1090,Bike
SO1091,Shoes
SO1091,Helmet
SO1091,Shorts
SO1092,Gloves
SO1092,Shoes
SO1092,Bike
SO1093,Jersey
SO1094,Shoes
SO1094,Bike
SO1095,Bottle
SO1095,Socks
SO1095,Jersey
SO1096,Bottle
SO1097,Shorts
SO1097,Helmet
SO1097,Shoes
SO1097,Gloves
SO1098,Helmet
SO1098,Shoes
SO1099,Shoes
SO1099,Bottle
SO1099,Socks
SO1099,Jersey
SO1100,Jersey
SO1100,Bottle
SO1101,Socks
SO1102,Socks
SO1102,Bottle
SO1102,Helmet
SO1103,Gloves
SO1103,Socks
SO1103,Bike
SO1104,Jersey
SO1104,Bike
SO1105,Shoes
SO1105,Bike
SO1105,Gloves
SO1105,Bottle
SO1106,Helmet
SO1106,Jersey
SO1106,Bike
SO1106,Socks
SO1107,Jersey
SO1107,Socks
SO1108,Shoes
SO1108,Bottle
SO1108,Shorts
SO1108,Gloves
SO1109,Shoes
SO1110,Bike
SO1110,Jersey
SO1110,Shorts
SO1111,Shorts
SO1111,Socks
SO1111,Jersey
SO1112,Socks
SO1112,Shorts
SO1112,Bike
SO1113,Shorts
SO1114,Bottle
SO1114,Shorts
SO1114,Bike
SO1114,Shoes
SO1115,Shoes
SO1116,Shoes
SO1117,Helmet
SO1118,Gloves
SO1118,Socks
SO1119,Bottle
SO1120,Bike
SO1120,Helmet
SO1120,Shorts
SO1121,Helmet
SO1121,Jersey
SO1122,Socks
SO1122,Gloves
SO1122,Bike
SO1123,Gloves
SO1123,Shoes
SO1123,Helmet
SO1123,Jersey
SO1124,Jersey
SO1125,Socks
SO1125,Helmet
SO1126,Bottle
SO1126,Bike
SO1126,Shoes
SO1127,Socks
SO1127,Shorts
SO1127,Bike
SO1127,Helmet
SO1128,Jersey
SO1128,Socks
SO1128,Helmet
SO1129,Shoes
SO1130,Shorts
SO1130,Socks
SO1131,Bottle
SO1132,Bottle
SO1132,Shoes
SO1133,Helmet
SO1133,Gloves
SO1133,Jersey
SO1134,Bike
SO1134,Helmet
SO1134,Socks
SO1134,Shorts
SO1135,Shorts
SO1135,Bottle
SO1135,Helmet
SO1136,Shorts
SO1136,Bottle
SO1137,Shorts
SO1137,Jersey
SO1138,Gloves
SO1139,Shoes
SO1139,Gloves
SO1140,Jersey
SO1140,Socks
SO1140,Bike
SO1141,Bottle
SO1141,Shoes
SO1141,Shorts
SO1141,Helmet
SO1142,Helmet
SO1142,Shoes
SO1143,Shoes
SO1143,Bottle
SO1144,Helmet
SO1145,Gloves
SO1145,Shorts
SO1145,Socks
SO1146,Bike
SO1146,Socks
SO1146,Helmet
SO1147,Shoes
SO1147,Bottle
SO1148,Shorts
SO1148,Shoes
SO1148,Jersey
SO1149,Shoes
SO1149,Bike
SO1149,Shorts
SO1149,Bottle
SO1150,Jersey
SO1150,Shoes
SO1151,Bottle
SO1151,Jersey
SO1152,Shorts
SO1152,Socks
SO1152,Bottle
SO1153,Shorts
SO1153,Socks
SO1153,Shoes
SO1153,Helmet
SO1154,Shoes
SO1154,Bottle
SO1154,Socks
SO1155,Socks
SO1155,Shoes
SO1155,Jersey
SO1156,Shorts
SO1157,Gloves
SO1157,Shorts
SO1158,Bottle
SO1158,Jersey
SO1158,Shorts
SO1159,Helmet
SO1159,Shoes
SO1159,Shorts
SO1160,Gloves
SO1160,Helmet
SO1161,Gloves
SO1162,Shorts
SO1163,Shorts
SO1163,Helmet
SO1163,Shoes
SO1163,Jersey
SO1164,Bottle
SO1164,Helmet
SO1165,Jersey
SO1165,Socks
SO1165,Bottle
SO1165,Helmet
SO1166,Gloves
SO1166,Helmet
SO1166,Socks
SO1167,Helmet
SO1168,Gloves
SO1168,Helmet
SO1168,Bike
SO1168,Shorts
SO1169,Gloves
SO1169,Socks
SO1169,Shorts
SO1169,Jersey
SO1170,Helmet
SO1170,Bottle
SO1170,Jersey
SO1170,Socks
SO1171,Shoes
SO1172,Shorts
SO1172,Bottle
SO1173,Shoes
SO1174,Bottle
SO1175,Socks
SO1176,Gloves
SO1176,Socks
SO1176,Shoes
SO1177,Socks
SO1177,Gloves
SO1178,Shorts
SO1178,Gloves
SO1178,Bottle
SO1178,Socks
SO1179,Socks
SO1179,Bike
SO1179,Shorts
SO1179,Bottle
SO1180,Jersey
SO1180,Bottle
SO1181,Socks
SO1181,Bottle
SO1182,Helmet
SO1183,Shorts
SO1183,Jersey
SO1183,Bottle
SO1183,Shoes
SO1184,Bike
SO1184,Shorts
SO1184,Socks
SO1184,Gloves
SO1185,Shoes
SO1185,Bike
SO1186,Helmet
SO1187,Bike
SO1187,Gloves
SO1188,Shorts
SO1189,Shorts
SO1189,Bottle
SO1190,Gloves
SO1190,Socks
SO1190,Helmet
SO1191,Gloves
SO1192,Socks
SO1193,Helmet
SO1194,Jersey
SO1194,Bottle
SO1194,Gloves
SO1195,Socks
SO1195,Shoes
SO1195,Jersey
SO1195,Shorts
SO1196,Shoes
SO1196,Socks
SO1197,Gloves
SO1197,Shorts
SO1197,Bike
SO1198,Jersey
SO1198,Socks
SO1198,Shorts
SO1198,Shoes
SO1199,Jersey
SO1199,Shoes
SO1200,Shoes
SO1201,Socks
SO1201,Bike
SO1202,Shorts
SO1202,Socks
SO1203,Socks
SO1203,Shoes
SO1203,Jersey
SO1203,Bike
SO1204,Shoes
SO1205,Shoes
SO1205,Socks
SO1205,Gloves
SO1205,Helmet
SO1206,Helmet
SO1206,Socks
SO1206,Shorts
SO1206,Shoes
SO1207,Shoes
SO1207,Gloves
SO1207,Shorts
SO1207,Bike
SO1208,Shoes
SO1208,Socks
SO1209,Socks
SO1209,Gloves
SO1209,Bike
SO1210,Gloves
SO1210,Jersey
SO1210,Shorts
SO1211,Shorts
SO1211,Bike
SO1211,Bottle
SO1211,Jersey
SO1212,Helmet
SO1212,Bike
SO1212,Socks
SO1213,Shoes
SO1213,Helmet
SO1214,Bike
SO1215,Shorts
SO1215,Bottle
SO1215,Shoes
SO1215,Socks
SO1216,Shoes
SO1216,Gloves
SO1216,Jersey
SO1216,Shorts
SO1217,Socks
SO1217,Shoes
SO1218,Shorts
SO1218,Helmet
SO1218,Socks
SO1219,Gloves
SO1220,Helmet
SO1220,Shoes
SO1221,Socks
SO1221,Bottle
SO1221,Shoes
SO1222,Helmet
SO1222,Bike
SO1222,Shoes
SO1223,Jersey
SO1224,Helmet
SO1224,Shoes
SO1224,Bike
SO1224,Jersey
SO1225,Shorts
SO1225,Helmet
SO1226,Jersey
SO1226,Socks
SO1226,Bottle
SO1227,Socks
SO1227,Jersey
SO1227,Bike
SO1227,Gloves
SO1228,Shoes
SO1228,Bottle
SO1228,Socks
SO1229,Shoes
SO1229,Jersey
SO1229,Helmet
SO1229,Gloves
SO1230,Bottle
SO1230,Shorts
SO1230,Socks
SO1230,Jersey
SO1231,Gloves
SO1231,Bike
SO1231,Socks
SO1231,Helmet
SO1232,Gloves
SO1232,Shoes
SO1232,Helmet
SO1233,Bottle
SO1234,Shorts
SO1234,Helmet
SO1235,Gloves
SO1235,Socks
SO1236,Shorts
SO1237,Bike
SO1238,Bottle
SO1238,Socks
SO1238,Helmet
SO1238,Shorts
SO1239,Socks
SO1240,Bottle
SO1240,Bike
SO1240,Socks
SO1240,Helmet
SO1241,Socks
SO1241,Shoes
SO1242,Socks
SO1242,Gloves
SO1243,Bottle
SO1243,Jersey
SO1244,Shorts
SO1244,Helmet
SO1245,Bike
SO1245,Socks
SO1245,Shorts
SO1245,Helmet
SO1246,Bottle
SO1246,Socks
SO1246,Bike
SO1246,Gloves
SO1247,Bike
SO1247,Socks
SO1247,Jersey
SO1248,Bike
SO1248,Shoes
SO1249,Gloves
SO1249,Helmet
SO1249,Jersey
SO1250,Jersey
SO1250,Helmet
SO1251,Shoes
SO1252,Bike
SO1253,Socks
SO1253,Shorts
SO1253,Gloves
SO1253,Helmet
SO1254,Shoes
SO1254,Jersey
SO1254,Bottle
SO1254,Helmet
SO1255,Gloves
SO1255,Bike
SO1255,Helmet
SO1255,Jersey
SO1256,Gloves
SO1256,Jersey
SO1257,Socks
SO1257,Helmet
SO1257,Jersey
SO1258,Bike
SO1258,Socks
SO1258,Bottle
SO1258,Helmet
SO1259,Helmet
SO1259,Shorts
SO1259,Gloves
SO1260,Shoes
SO1260,Bike
SO1261,Shorts
SO1261,Helmet
SO1261,Bottle
SO1262,Shoes
SO1262,Bottle
SO1263,Bottle
SO1263,Socks
SO1263,Helmet
SO1263,Jersey
SO1264,Bottle
SO1264,Shoes
SO1264,Shorts
SO1264,Socks
SO1265,Socks
SO1265,Shoes
SO1266,Gloves
SO1266,Helmet
SO1266,Socks
SO1266,Bike
SO1267,Socks
SO1268,Helmet
SO1269,Jersey
SO1269,Shorts
SO1270,Socks
SO1270,Jersey
SO1270,Bottle
SO1270,Shoes
SO1271,Bike
SO1271,Shoes
SO1271,Shorts
SO1271,Bottle
SO1272,Bottle
SO1272,Gloves
SO1273,Bottle
SO1273,Gloves
SO1273,Socks
SO1273,Shorts
SO1274,Jersey
SO1274,Bottle
SO1274,Shoes
SO1274,Gloves
SO1275,Bike
SO1275,Jersey
SO1275,Gloves
SO1275,Socks
SO1276,Socks
SO1277,Helmet
SO1277,Shorts
SO1277,Jersey
SO1278,Bottle
SO1278,Shoes
SO1279,Gloves
SO1279,Jersey
SO1280,Helmet
SO1280,Gloves
SO1281,Gloves
SO1281,Bike
SO1282,Shoes
SO1282,Jersey
SO1282,Gloves
SO1283,Shoes
SO1283,Socks
SO1283,Gloves
SO1284,Shoes
SO1285,Shoes
SO1285,Socks
SO1286,Shorts
SO1286,Bottle
SO1286,Socks
SO1287,Bike
SO1288,Gloves
SO1288,Socks
SO1288,Bike
SO1288,Shorts
SO1289,Helmet
SO1289,Bike
SO1290,Gloves
SO1290,Helmet
SO1291,Bike
SO1291,Shorts
SO1291,Helmet
SO1291,Shoes
SO1292,Helmet
SO1292,Jersey
SO1293,Shorts
SO1293,Jersey
SO1294,Jersey
SO1294,Shoes
SO1294,Bottle
SO1294,Shorts
SO1295,Socks
SO1295,Gloves
SO1296,Bottle
SO1297,Helmet
SO1297,Gloves
SO1297,Shorts
SO1298,Jersey
SO1298,Socks
SO1299,Gloves
SO1299,Shoes
SO1299,Bottle
SO1299,Socks
SO1300,Bottle
SO1300,Socks
SO1300,Shoes
SO1300,Shorts
SO1301,Gloves
SO1302,Jersey
SO1302,Shoes
SO1303,Bottle
SO1304,Socks
SO1305,Socks
SO1305,Shorts
SO1305,Gloves
SO1305,Helmet
SO1306,Helmet
SO1307,Helmet
SO1307,Jersey
SO1307,Bottle
SO1308,Shorts
SO1308,Shoes
SO1308,Bike
SO1308,Jersey
SO1309,Shoes
SO1309,Shorts
SO1310,Shoes
SO1310,Shorts
SO1311,Gloves
SO1311,Bottle
SO1311,Shoes
SO1311,Bike
SO1312,Bottle
SO1312,Bike
SO1312,Socks
SO1312,Shorts
SO1313,Jersey
SO1313,Helmet
SO1314,Bottle
SO1315,Bike
SO1315,Socks
SO1315,Gloves
SO1316,Shorts
SO1316,Socks
SO1316,Helmet
SO1316,Gloves
SO1317,Socks
SO1317,Bike
SO1317,Bottle
SO1318,Socks
SO1318,Bike
SO1318,Jersey
SO1319,Shoes
SO1320,Helmet
SO1321,Shorts
SO1321,Shoes
SO1322,Jersey
SO1322,Socks
SO1322,Gloves
SO1322,Helmet
SO1323,Bike
SO1324,Gloves
SO1324,Helmet
SO1324,Jersey
SO1324,Shorts
SO1325,Bottle
SO1326,Socks
SO1326,Bike
SO1326,Bottle
SO1326,Helmet
SO1327,Jersey
SO1327,Helmet
SO1328,Helmet
SO1329,Jersey
SO1329,Bike
SO1330,Bike
SO1330,Helmet
SO1330,Shoes
SO1331,Jersey
SO1331,Shoes
SO1331,Bike
SO1331,Shorts
SO1332,Bike
SO1332,Shoes
SO1333,Jersey
SO1333,Socks
SO1333,Bottle
SO1334,Jersey
SO1334,Shorts
SO1334,Bike
SO1335,Helmet
SO1335,Bike
SO1335,Shoes
SO1336,Bike
SO1337,Gloves
SO1338,Shoes
SO1339,Jersey
SO1339,Shoes
SO1339,Shorts
SO1340,Helmet
SO1341,Shorts
SO1342,Shorts
SO1342,Jersey
SO1342,Helmet
SO1342,Socks
SO1343,Shorts
SO1343,Gloves
SO1343,Bike
SO1343,Bottle
SO1344,Jersey
SO1344,Shoes
SO1344,Socks
SO1344,Bike
SO1345,Helmet
SO1345,Shorts
SO1345,Socks
SO1346,Helmet
SO1347,Helmet
SO1348,Bottle
SO1348,Helmet
SO1349,Shorts
SO1349,Socks
SO1349,Gloves
SO1350,Helmet
SO1350,Bottle
SO1350,Socks
SO1350,Bike
SO1351,Jersey
SO1351,Bike
SO1352,Shorts
SO1352,Jersey
SO1352,Socks
SO1352,Gloves
SO1353,Socks
SO1353,Shoes
SO1354,Bike
SO1354,Socks
SO1355,Shoes
SO1355,Helmet
SO1355,Gloves
SO1356,Gloves
SO1356,Socks
SO1357,Shorts
SO1357,Gloves
SO1357,Jersey
SO1358,Helmet
SO1358,Shoes
SO1358,Gloves
SO1358,Shorts
SO1359,Shoes
SO1359,Shorts
SO1360,Jersey
SO1360,Helmet
SO1360,Gloves
SO1361,Socks
SO1361,Bottle
SO1362,Bottle
SO1363,Jersey
SO1364,Bottle
SO1364,Jersey
SO1364,Shoes
SO1364,Bike
SO1365,Helmet
SO1365,Bike
SO1366,Socks
SO1367,Shorts
SO1367,Socks
SO1367,Shoes
SO1368,Shoes
SO1368,Shorts
SO1368,Socks
SO1369,Shoes
SO1370,Jersey
SO1370,Bottle
SO1370,Shoes
SO1370,Bike
SO1371,Helmet
SO1371,Socks
SO1371,Jersey
SO1371,Shoes
SO1372,Bike
SO1372,Helmet
SO1372,Shoes
SO1372,Bottle
SO1373,Shorts
SO1374,Helmet
SO1374,Shorts
SO1375,Jersey
SO1375,Socks
SO1375,Shorts
SO1376,Socks
SO1377,Bottle
SO1378,Helmet
SO1378,Jersey
SO1379,Jersey
SO1379,Shoes
SO1379,Bike
SO1380,Bottle
SO1380,Jersey
SO1381,Bike
SO1382,Helmet
SO1382,Bike
SO1382,Bottle
SO1382,Socks
SO1383,Bottle
SO1383,Gloves
SO1383,Shoes
SO1384,Jersey
SO1385,Bike
SO1386,Helmet
SO1387,Bottle
SO1387,Helmet
SO1387,Gloves
SO1388,Helmet
SO1388,Shorts
SO1389,Gloves
SO1389,Shoes
SO1389,Jersey
SO1389,Bottle
SO1390,Gloves
SO1390,Jersey
SO1390,Shoes
SO1391,Jersey
SO1392,Shorts
SO1392,Socks
SO1392,Shoes
SO1392,Helmet
SO1393,Socks
SO1393,Helmet
SO1393,Gloves
SO1393,Bike
SO1394,Gloves
SO1394,Shoes
SO1394,Jersey
SO1394,Shorts
SO1395,Jersey
SO1395,Gloves
SO1395,Socks
SO1395,Bike
SO1396,Socks
SO1396,Shorts
SO1396,Bottle
SO1396,Shoes
SO1397,Gloves
SO1397,Bottle
SO1398,Helmet
SO1399,Socks
SO1399,Bottle
SO1400,Bike
SO1400,Helmet
SO1401,Bottle
SO1401,Bike
SO1401,Shoes
SO1402,Shorts
SO1402,Bottle
SO1402,Helmet
SO1402,Gloves
SO1403,Bike
SO1403,Shoes
SO1403,Bottle
SO1404,Bike
SO1404,Bottle
SO1404,Socks
SO1404,Jersey
SO1405,Gloves
SO1405,Shorts
SO1405,Bike
SO1405,Helmet
SO1406,Gloves
SO1406,Shorts
SO1406,Helmet
SO1406,Bottle
SO1407,Shoes
SO1408,Shorts
SO1408,Jersey
SO1408,Gloves
SO1408,Bottle
SO1409,Shorts
SO1409,Gloves
SO1409,Bottle
SO1409,Helmet
SO1410,Jersey
SO1410,Helmet
SO1410,Shoes
SO1411,Helmet
SO1411,Jersey
SO1412,Bottle
SO1412,Bike
SO1412,Jersey
SO1412,Socks
SO1413,Socks
SO1413,Helmet
SO1413,Bottle
SO1413,Shorts
SO1414,Helmet
SO1414,Gloves
SO1414,Shoes
SO1414,Jersey
SO1415,Gloves
SO1415,Shorts
SO1415,Socks
SO1415,Bottle
SO1416,Helmet
SO1416,Shoes
SO1417,Gloves
SO1418,Gloves
SO1419,Bottle
SO1420,Bottle
SO1420,Helmet
SO1420,Gloves
SO1421,Socks
SO1421,Jersey
SO1422,Shorts
SO1422,Socks
SO1422,Bike
SO1423,Helmet
SO1424,Jersey
SO1424,Bottle
SO1424,Bike
SO1425,Jersey
SO1425,Helmet
SO1425,Shoes
SO1425,Socks
SO1426,Socks
SO1426,Gloves
SO1426,Shoes
SO1427,Gloves
SO1427,Bottle
SO1428,Shoes
SO1428,Jersey
SO1428,Bike
SO1428,Bottle
SO1429,Shoes
SO1429,Helmet
SO1429,Gloves
SO1429,Bike
SO1430,Jersey
SO1430,Bottle
SO1431,Gloves
SO1431,Socks
SO1431,Helmet
SO1431,Shoes
SO1432,Socks
SO1432,Gloves
SO1432,Bike
SO1432,Shorts
SO1433,Jersey
SO1433,Helmet
SO1433,Shorts
SO1433,Bike
SO1434,Helmet
SO1435,Gloves
SO1436,Jersey
SO1436,Shorts
SO1436,Socks
SO1436,Bottle
SO1437,Shoes
SO1437,Jersey
SO1437,Shorts
SO1438,Shoes
SO1438,Gloves
SO1439,Jersey
SO1440,Socks
SO1441,Helmet
SO1441,Bottle
SO1441,Shoes
SO1441,Socks
SO1442,Bike
SO1442,Helmet
SO1443,Helmet
SO1444,Jersey
SO1444,Helmet
SO1445,Bike
SO1446,Gloves
SO1447,Shoes
SO1447,Gloves
SO1447,Bottle
SO1448,Bike
SO1448,Shoes
SO1448,Helmet
SO1449,Bike
SO1450,Shorts
SO1450,Helmet
SO1451,Shoes
SO1451,Bottle
SO1451,Gloves
SO1451,Jersey
SO1452,Helmet
SO1452,Socks
SO1452,Bike
SO1452,Bottle
SO1453,Socks
SO1453,Bike
SO1454,Jersey
SO1455,Socks
SO1455,Helmet
SO1455,Shoes
SO1455,Gloves
SO1456,Gloves
SO1457,Bottle
SO1457,Shoes
SO1458,Socks
SO1458,Gloves
SO1458,Helmet
SO1458,Shorts
SO1459,Bike
SO1459,Jersey
SO1460,Jersey
SO1460,Gloves
SO1460,Helmet
SO1461,Shorts
SO1461,Socks
SO1461,Shoes
SO1461,Jersey
SO1462,Shorts
SO1462,Bike
SO1462,Gloves
SO1463,Shoes
SO1463,Socks
SO1463,Bottle
SO1463,Jersey
SO1464,Socks
SO1464,Shoes
SO1464,Bottle
SO1465,Jersey
SO1465,Bottle
SO1465,Gloves
SO1466,Gloves
SO1466,Bike
SO1466,Helmet
SO1467,Bottle
SO1467,Bike
SO1468,Bottle
SO1468,Gloves
SO1469,Socks
SO1469,Shoes
SO1469,Bike
SO1470,Helmet
SO1470,Bike
SO1470,Gloves
SO1471,Shoes
SO1471,Helmet
SO1472,Gloves
SO1472,Shoes
SO1473,Shorts
SO1473,Shoes
SO1474,Gloves
SO1474,Bottle
SO1475,Bottle
SO1475,Gloves
SO1475,Socks
SO1476,Jersey
SO1476,Bottle
SO1476,Helmet
SO1476,Shorts
SO1477,Bike
SO1478,Gloves
SO1478,Bottle
SO1478,Socks
SO1479,Jersey
SO1479,Bike
SO1479,Shorts
SO1479,Socks
SO1480,Bike
SO1480,Jersey
SO1480,Bottle
SO1480,Shorts
SO1481,Socks
SO1481,Shorts
SO1481,Helmet
SO1482,Bottle
SO1482,Bike
SO1482,Socks
SO1482,Helmet
SO1483,Bike
SO1484,Socks
SO1484,Shoes
SO1484,Jersey
SO1484,Bottle
SO1485,Bike
SO1486,Bottle
SO1486,Socks
SO1487,Gloves
SO1487,Bottle
SO1487,Jersey
SO1487,Helmet
SO1488,Shorts
SO1488,Socks
SO1488,Bike
SO1488,Gloves
SO1489,Shorts
SO1489,Jersey
SO1490,Gloves
SO1490,Socks
SO1490,Bike
SO1491,Gloves
SO1492,Jersey
SO1492,Shorts
SO1492,Bike
SO1492,Bottle
SO1493,Bike
SO1493,Gloves
SO1493,Shoes
SO1493,Bottle
SO1494,Gloves
SO1495,Bottle
SO1496,Bike
SO1496,Bottle
SO1496,Jersey
SO1497,Shorts
SO1497,Bottle
SO1497,Shoes
SO1498,Jersey
SO1498,Bottle
SO1498,Helmet
SO1498,Shorts
SO1499,Shoes
SO1500,Shoes
SO1500,Shorts
SO1501,Gloves
SO1501,Jersey
SO1502,Jersey
SO1502,Gloves
SO1502,Bottle
SO1503,Shorts
SO1503,Jersey
SO1503,Bike
SO1504,Shorts
SO1504,Helmet
SO1504,Socks
SO1505,Gloves
SO1506,Socks
SO1506,Shoes
SO1507,Shorts
SO1507,Bike
SO1507,Bottle
SO1507,Socks
SO1508,Jersey
SO1509,Shoes
SO1509,Socks
SO1509,Helmet
SO1510,Gloves
SO1510,Helmet
SO1511,Gloves
SO1511,Bike
SO1511,Bottle
SO1511,Shoes
SO1512,Gloves
SO1513,Bottle
SO1513,Jersey
SO1513,Helmet
SO1513,Bike
SO1514,Helmet
SO1514,Socks
SO1514,Bike
SO1515,Gloves
SO1515,Bottle
SO1515,Shorts
SO1516,Shoes
SO1516,Jersey
SO1516,Helmet
SO1516,Socks
SO1517,Shorts
SO1517,Shoes
SO1517,Jersey
SO1517,Bike
SO1518,Shoes
SO1518,Helmet
SO1518,Socks
SO1519,Shorts
SO1519,Helmet
SO1519,Bike
SO1519,Gloves
SO1520,Shorts
SO1520,Jersey
SO1520,Helmet
SO1521,Socks
SO1521,Bike
SO1522,Socks
SO1523,Bottle
SO1523,Jersey
SO1523,Socks
SO1523,Helmet
SO1524,Bottle
SO1524,Helmet
SO1525,Bike
SO1525,Socks
SO1526,Bottle
SO1526,Helmet
SO1526,Bike
SO1527,Shorts
SO1527,Helmet
SO1527,Bottle
SO1527,Bike
SO1528,Bike
SO1528,Socks
SO1528,Bottle
SO1528,Shorts
SO1529,Shorts
SO1529,Socks
SO1530,Bike
SO1530,Socks
SO1530,Jersey
SO1530,Bottle
SO1531,Shorts
SO1531,Socks
SO1531,Helmet
SO1531,Bike
SO1532,Bottle
SO1532,Shorts
SO1532,Helmet
SO1532,Socks
SO1533,Jersey
SO1533,Socks
SO1533,Gloves
SO1533,Shoes
SO1534,Shoes
SO1534,Helmet
SO1534,Socks
SO1535,Socks
SO1535,Gloves
SO1535,Shoes
SO1536,Shorts
SO1536,Gloves
SO1536,Bottle
SO1537,Shoes
SO1537,Helmet
SO1537,Socks
SO1538,Bottle
SO1538,Helmet
SO1538,Bike
SO1539,Jersey
SO1539,Bottle
SO1539,Shoes
SO1539,Socks
SO1540,Bottle
SO1540,Shorts
SO1540,Helmet
SO1540,Gloves
SO1541,Shorts
SO1541,Helmet
SO1541,Jersey
SO1542,Jersey
SO1542,Helmet
SO1543,Socks
SO1543,Shorts
SO1543,Bottle
SO1543,Gloves
SO1544,Bottle
SO1544,Gloves
SO1545,Bottle
SO1546,Gloves
SO1547,Helmet
SO1547,Bottle
SO1547,Shoes
SO1547,Gloves
SO1548,Bike
SO1548,Shorts
SO1548,Jersey
SO1548,Helmet
SO1549,Bike
SO1549,Jersey
SO1550,Bike
SO1550,Helmet
SO1551,Shorts
SO1551,Gloves
SO1551,Helmet
SO1551,Bottle
SO1552,Shorts
SO1553,Bike
SO1554,Helmet
SO1555,Helmet
SO1555,Jersey
SO1555,Gloves
SO1555,Shorts
SO1556,Bottle
SO1557,Jersey
SO1557,Helmet
SO1557,Socks
SO1557,Gloves
SO1558,Socks
SO1558,Bottle
SO1558,Gloves
SO1559,Gloves
SO1560,Jersey
SO1561,Shorts
SO1561,Bottle
SO1561,Gloves
SO1562,Bike
SO1562,Socks
SO1562,Gloves
SO1562,Helmet
SO1563,Bike
SO1563,Socks
SO1564,Bike
SO1564,Bottle
SO1565,Bottle
SO1565,Bike
SO1565,Shorts
SO1566,Gloves
SO1566,Bottle
SO1566,Bike
SO1566,Socks
SO1567,Shoes
SO1568,Shoes
SO1569,Bottle
SO1569,Gloves
SO1570,Helmet
SO1571,Bottle
SO1572,Bike
SO1573,Helmet
SO1573,Jersey
SO1574,Bottle
SO1575,Socks
SO1576,Jersey
SO1576,Shorts
SO1577,Shorts
SO1577,Bike
SO1578,Socks
SO1578,Shoes
SO1578,Bottle
SO1578,Helmet
SO1579,Bottle
SO1579,Socks
SO1580,Gloves
SO1580,Bike
SO1580,Helmet
SO1580,Socks
SO1581,Jersey
SO1581,Shorts
SO1581,Gloves
SO1582,Shorts
SO1582,Socks
SO1582,Bottle
SO1582,Jersey
SO1583,Bottle
SO1583,Gloves
SO1583,Socks
SO1583,Shoes
SO1584,Bottle
SO1584,Gloves
SO1584,Bike
SO1584,Shorts
SO1585,Bottle
SO1586,Shoes
SO1587,Gloves
SO1587,Jersey
SO1587,Helmet
SO1588,Socks
SO1589,Shoes
SO1590,Socks
SO1590,Bottle
SO1591,Bottle
SO1591,Bike
SO1591,Helmet
SO1591,Gloves
SO1592,Bottle
SO1592,Gloves
SO1592,Jersey
SO1593,Jersey
SO1594,Socks
SO1594,Gloves
SO1594,Shorts
SO1594,Bottle
SO1595,Jersey
SO1595,Shorts
SO1596,Helmet
SO1596,Jersey
SO1597,Bottle
SO1598,Shorts
SO1598,Socks
SO1598,Bike
SO1598,Bottle
SO1599,Socks
SO1599,Bottle
SO1599,Gloves
SO1599,Jersey
SO1600,Bike
SO1600,Socks
SO1601,Helmet
SO1601,Jersey
SO1601,Shorts
SO1602,Shorts
SO1602,Bike
SO1602,Helmet
SO1602,Bottle
SO1603,Helmet
SO1603,Jersey
SO1603,Shorts
SO1604,Bottle
SO1604,Shorts
SO1604,Shoes
SO1604,Gloves
SO1605,Shorts
SO1605,Jersey
SO1605,Helmet
SO1605,Socks
SO1606,Socks
SO1606,Helmet
SO1607,Helmet
SO1608,Bottle
SO1609,Shoes
SO1609,Socks
SO1610,Socks
SO1610,Bottle
SO1610,Bike
SO1610,Shorts
SO1611,Bike
SO1611,Shorts
SO1611,Socks
SO1612,Helmet
SO1613,Shorts
SO1614,Shorts
SO1614,Shoes
SO1614,Bike
SO1615,Jersey
SO1615,Shoes
SO1616,Bike
SO1616,Helmet
SO1616,Bottle
SO1617,Socks
SO1617,Jersey
SO1617,Bike
SO1618,Jersey
SO1618,Bike
SO1618,Gloves
SO1619,Gloves
SO1620,Shoes
SO1620,Shorts
SO1620,Bike
SO1620,Helmet
SO1621,Shoes
SO1621,Bike
SO1621,Helmet
SO1621,Bottle
SO1622,Gloves
SO1622,Bike
SO1622,Socks
SO1622,Helmet
SO1623,Socks
SO1624,Bike
SO1624,Jersey
SO1625,Shorts
SO1626,Jersey
SO1626,Helmet
SO1626,Bottle
SO1627,Shoes
SO1627,Bottle
SO1627,Jersey
SO1628,Bottle
SO1628,Socks
SO1629,Gloves
SO1629,Shoes
SO1630,Socks
SO1630,Shorts
SO1631,Shoes
SO1631,Gloves
SO1631,Bottle
SO1632,Bottle
SO1633,Bottle
SO1633,Gloves
SO1634,Gloves
SO1634,Socks
SO1634,Shorts
SO1635,Shorts
SO1635,Shoes
SO1635,Jersey
SO1636,Bottle
SO1637,Bottle
SO1638,Gloves
SO1638,Jersey
SO1638,Helmet
SO1639,Shoes
SO1639,Socks
SO1639,Gloves
SO1640,Shoes
SO1641,Shorts
SO1642,Bottle
SO1642,Helmet
SO1643,Shoes
SO1643,Gloves
SO1644,Shorts
SO1644,Socks
SO1645,Jersey
SO1645,Bike
SO1645,Shoes
SO1646,Bike
SO1646,Socks
SO1646,Shoes
SO1647,Shoes
SO1648,Shoes
SO1648,Shorts
SO1648,Bottle
SO1648,Socks
SO1649,Jersey
SO1649,Bike
SO1649,Bottle
SO1650,Shoes
SO1650,Bottle
SO1650,Helmet
SO1651,Gloves
SO1651,Jersey
SO1652,Jersey
SO1653,Socks
SO1654,Shorts
SO1654,Bike
SO1654,Helmet
SO1654,Gloves
SO1655,Gloves
SO1655,Helmet
SO1655,Socks
SO1655,Jersey
SO1656,Shoes
SO1656,Bottle
SO1656,Helmet
SO1657,Helmet
SO1657,Bike
SO1657,Bottle
SO1657,Gloves
SO1658,Shorts
SO1659,Socks
SO1659,Bottle
SO1659,Gloves
SO1659,Shorts
SO1660,Shoes
SO1660,Socks
SO1661,Bottle
SO1662,Shoes
SO1662,Jersey
SO1662,Socks
SO1662,Gloves
SO1663,Bottle
SO1664,Socks
SO1664,Jersey
SO1665,Gloves
SO1665,Shoes
SO1666,Bike
SO1666,Bottle
SO1666,Socks
SO1666,Shoes
SO1667,Gloves
SO1668,Bike
SO1669,Jersey
SO1670,Helmet
SO1670,Shorts
SO1670,Bike
SO1671,Socks
SO1671,Shoes
SO1672,Bike
SO1672,Helmet
SO1672,Shoes
SO1673,Gloves
SO1673,Helmet
SO1673,Shorts
SO1674,Shorts
SO1675,Shorts
SO1675,Socks
SO1675,Jersey
SO1675,Bottle
SO1676,Helmet
SO1676,Shoes
SO1677,Bike
SO1677,Socks
SO1677,Gloves
SO1677,Helmet
SO1678,Shorts
SO1678,Gloves
SO1679,Shorts
SO1679,Helmet
SO1679,Shoes
SO1679,Bottle
SO1680,Shoes
SO1680,Gloves
SO1680,Shorts
SO1681,Jersey
SO1681,Shorts
SO1682,Bottle
SO1682,Bike
SO1682,Helmet
SO1683,Gloves
SO1683,Socks
SO1683,Helmet
SO1683,Bike
SO1684,Bike
SO1685,Bike
SO1685,Jersey
SO1685,Shoes
SO1685,Helmet
SO1686,Jersey
SO1686,Bottle
SO1686,Shorts
SO1687,Socks
SO1687,Shorts
SO1687,Shoes
SO1688,Socks
SO1688,Gloves
SO1688,Bottle
SO1689,Bottle
SO1690,Helmet
SO1691,Gloves
SO1691,Shorts
SO1692,Helmet
SO1692,Gloves
SO1693,Bike
SO1693,Shoes
SO1694,Bottle
SO1694,Helmet
SO1694,Shoes
SO1695,Gloves
SO1696,Jersey
SO1696,Bike
SO1696,Shorts
SO1696,Shoes
SO1697,Shoes
SO1698,Shorts
SO1698,Shoes
SO1698,Bottle
SO1698,Jersey
SO1699,Socks
SO1699,Bike
SO1699,Shorts
SO1700,Shorts
SO1701,Shorts
SO1702,Bottle
SO1702,Jersey
SO1703,Gloves
SO1704,Shorts
SO1704,Socks
SO1704,Helmet
SO1705,Socks
SO1705,Bike
SO1705,Bottle
SO1706,Gloves
SO1706,Socks
SO1706,Helmet
SO1706,Jersey
SO1707,Jersey
SO1707,Bottle
SO1707,Bike
SO1707,Gloves
SO1708,Bottle
SO1708,Jersey
SO1709,Helmet
SO1709,Shoes
SO1710,Helmet
SO1710,Bottle
SO1710,Gloves
SO1710,Shoes
SO1711,Helmet
SO1711,Gloves
SO1711,Shorts
SO1712,Bike
SO1713,Jersey
SO1714,Socks
SO1714,Bike
SO1714,Gloves
SO1715,Socks
SO1715,Bottle
SO1715,Bike
SO1715,Helmet
SO1716,Shorts
SO1716,Shoes
SO1717,Jersey
SO1717,Helmet
SO1718,Bottle
SO1719,Gloves
SO1719,Helmet
SO1720,Shoes
SO1720,Gloves
SO1720,Jersey
SO1720,Shorts
SO1721,Gloves
SO1721,Shoes
SO1721,Shorts
SO1722,Jersey
SO1722,Bottle
SO1722,Shoes
SO1723,Shoes
SO1723,Bike
SO1724,Jersey
SO1724,Gloves
SO1724,Helmet
SO1725,Bike
SO1725,Socks
SO1725,Bottle
SO1725,Jersey
SO1726,Helmet
SO1727,Bottle
SO1727,Socks
SO1727,Gloves
SO1727,Shorts
SO1728,Shorts
SO1728,Helmet
SO1728,Jersey
SO1729,Bottle
SO1729,Helmet
SO1730,Bike
SO1730,Shorts
SO1730,Socks
SO1731,Bottle
SO1731,Bike
SO1731,Shorts
SO1732,Bottle
SO1733,Gloves
SO1733,Shorts
SO1734,Socks
SO1734,Gloves
SO1734,Helmet
SO1734,Shorts
SO1735,Shoes
SO1736,Shorts
SO1736,Bike
SO1736,Helmet
SO1737,Gloves
SO1737,Shorts
SO1737,Helmet
SO1737,Bike
SO1738,Socks
SO1738,Helmet
SO1738,Bike
SO1739,Bottle
SO1739,Socks
SO1740,Gloves
SO1740,Helmet
SO1741,Bottle
SO1742,Gloves
SO1742,Shoes
SO1743,Gloves
SO1744,Gloves
SO1744,Jersey
SO1745,Shoes
SO1745,Helmet
SO1745,Gloves
SO1746,Jersey
SO1746,Shorts
SO1746,Socks
SO1746,Helmet
SO1747,Helmet
SO1748,Socks
SO1748,Bike
SO1748,Jersey
SO1748,Shorts
SO1749,Bottle
SO1749,Helmet
SO1750,Shorts
SO1750,Bottle
SO1750,Bike
SO1751,Bike
SO1752,Bike
SO1752,Jersey
SO1752,Bottle
SO1752,Shoes
SO1753,Helmet
SO1754,Helmet
SO1754,Socks
SO1755,Shoes
SO1755,Bike
SO1755,Bottle
SO1755,Helmet
SO1756,Bike
SO1756,Helmet
SO1756,Socks
SO1756,Bottle
SO1757,Jersey
SO1757,Bottle
SO1757,Shoes
SO1757,Socks
SO1758,Gloves
SO1758,Helmet
SO1759,Helmet
SO1759,Jersey
SO1759,Socks
SO1759,Shorts
SO1760,Bottle
SO1760,Socks
SO1760,Jersey
SO1761,Jersey
SO1761,Socks
SO1761,Bike
SO1762,Bike
SO1762,Shoes
SO1763,Jersey
SO1763,Bottle
SO1764,Bike
SO1764,Socks
SO1764,Shorts
SO1764,Helmet
SO1765,Bottle
SO1765,Gloves
SO1765,Helmet
SO1765,Socks
SO1766,Bike
SO1766,Gloves
SO1766,Shoes
SO1766,Helmet
SO1767,Shorts
SO1768,Helmet
SO1769,Socks
SO1770,Helmet
SO1770,Shoes
SO1770,Socks
SO1770,Shorts
SO1771,Gloves
SO1772,Shoes
SO1772,Gloves
SO1772,Bike
SO1773,Bottle
SO1774,Helmet
SO1774,Shoes
SO1774,Socks
SO1775,Socks
SO1775,Jersey
SO1775,Shorts
SO1775,Helmet
SO1776,Shoes
SO1776,Jersey
SO1777,Shorts
SO1777,Helmet
SO1778,Jersey
SO1779,Shorts
SO1779,Gloves
SO1779,Jersey
SO1780,Socks
SO1780,Shorts
SO1780,Jersey
SO1780,Helmet
SO1781,Bottle
SO1781,Bike
SO1782,Bike
SO1782,Jersey
SO1782,Helmet
SO1782,Shoes
SO1783,Socks
SO1783,Bottle
SO1783,Gloves
SO1783,Jersey
SO1784,Jersey
SO1784,Bike
SO1784,Bottle
SO1784,Gloves
SO1785,Gloves
SO1786,Bottle
SO1786,Shorts
SO1787,Helmet
SO1787,Shoes
SO1787,Jersey
SO1787,Shorts
SO1788,Shorts
SO1788,Socks
SO1789,Bottle
SO1789,Shorts
SO1789,Socks
SO1789,Gloves
SO1790,Gloves
SO1790,Shoes
SO1790,Helmet
SO1791,Socks
SO1791,Helmet
SO1791,Jersey
SO1792,Socks
SO1792,Gloves
SO1792,Jersey
SO1793,Socks
SO1793,Bike
SO1794,Helmet
SO1794,Bike
SO1795,Bike
SO1796,Bike
SO1796,Bottle
SO1797,Shoes
SO1798,Shoes
SO1798,Gloves
SO1799,Gloves
SO1800,Helmet
SO1801,Jersey
SO1801,Bike
SO1801,Gloves
SO1801,Bottle
SO1802,Shoes
SO1802,Socks
SO1803,Jersey
SO1803,Socks
SO1804,Gloves
SO1804,Helmet
SO1804,Socks
SO1805,Shorts
SO1806,Gloves
SO1806,Bike
SO1806,Helmet
SO1806,Bottle
SO1807,Shoes
SO1807,Shorts
SO1807,Helmet
SO1808,Bike
SO1809,Bike
SO1810,Gloves
SO1811,Bike
SO1811,Gloves
SO1811,Jersey
SO1812,Jersey
SO1812,Helmet
SO1812,Bike
SO1813,Helmet
SO1813,Bike
SO1813,Shorts
SO1814,Bottle
SO1815,Gloves
SO1816,Shorts
SO1816,Socks
SO1817,Socks
SO1818,Bottle
SO1818,Shorts
SO1819,Socks
SO1819,Helmet
SO1819,Bike
SO1820,Shoes
SO1820,Jersey
SO1820,Shorts
SO1821,Jersey
SO1821,Bike
SO1821,Gloves
SO1822,Bottle
SO1822,Helmet
SO1823,Socks
SO1823,Bottle
SO1823,Gloves
SO1823,Shorts
SO1824,Bottle
SO1824,Socks
SO1825,Shoes
SO1825,Socks
SO1826,Helmet
SO1826,Bottle
SO1827,Jersey
SO1827,Socks
SO1827,Helmet
SO1827,Bottle
SO1828,Shorts
SO1828,Bottle
SO1828,Gloves
SO1829,Bike
SO1829,Gloves
SO1829,Shoes
SO1829,Helmet
SO1830,Shorts
SO1830,Jersey
SO1830,Helmet
SO1831,Shoes
SO1832,Shorts
SO1833,Gloves
SO1833,Jersey
SO1834,Shoes
SO1834,Helmet
SO1835,Bottle
SO1836,Gloves
SO1836,Socks
SO1836,Bottle
SO1836,Shorts
SO1837,Shorts
SO1837,Socks
SO1837,Helmet
SO1838,Gloves
SO1838,Shorts
SO1838,Jersey
SO1838,Shoes
SO1839,Shoes
SO1840,Jersey
SO1840,Gloves
SO1840,Bottle
SO1840,Shorts
SO1841,Jersey
SO1841,Bike
SO1841,Shorts
SO1841,Gloves
SO1842,Gloves
SO1842,Shorts
SO1843,Socks
SO1843,Shorts
SO1843,Helmet
SO1843,Gloves
SO1844,Jersey
SO1844,Shoes
SO1845,Shorts
SO1845,Gloves
SO1846,Socks
SO1847,Gloves
SO1847,Socks
SO1847,Jersey
SO1848,Helmet
SO1848,Shoes
SO1849,Jersey
SO1849,Bottle
SO1849,Helmet
SO1850,Jersey
SO1850,Bottle
SO1850,Bike
SO1851,Bike
SO1852,Socks
SO1852,Jersey
SO1852,Helmet
SO1853,Gloves
SO1854,Bike
SO1855,Shoes
SO1855,Jersey
SO1855,Gloves
SO1856,Helmet
SO1856,Shorts
SO1857,Bottle
SO1858,Bottle
SO1858,Helmet
SO1858,Gloves
SO1859,Socks
SO1859,Gloves
SO1859,Jersey
SO1859,Shoes
SO1860,Jersey
SO1860,Shoes
SO1860,Socks
SO1861,Gloves
SO1861,Shoes
SO1862,Bottle
SO1862,Socks
SO1862,Shorts
SO1862,Shoes
SO1863,Helmet
SO1864,Socks
SO1864,Bottle
SO1864,Shorts
SO1864,Jersey
SO1865,Bike
SO1866,Bottle
SO1866,Shoes
SO1867,Helmet
SO1867,Shoes
SO1867,Jersey
SO1867,Shorts
SO1868,Shorts
SO1868,Socks
SO1868,Gloves
SO1869,Shorts
SO1869,Socks
SO1869,Gloves
SO1870,Jersey
SO1870,Bottle
SO1871,Jersey
SO1871,Bike
SO1871,Shorts
SO1871,Shoes
SO1872,Jersey
SO1873,Jersey
SO1873,Shorts
SO1873,Gloves
SO1874,Bike
SO1874,Gloves
SO1875,Socks
SO1875,Shoes
SO1876,Shorts
SO1876,Gloves
SO1877,Helmet
SO1878,Helmet
SO1879,Jersey
SO1879,Bottle
SO1880,Bike
SO1881,Bike
SO1881,Bottle
SO1881,Helmet
SO1881,Shorts
SO1882,Bottle
SO1882,Jersey
SO1882,Helmet
SO1883,Jersey
SO1883,Bottle
SO1883,Socks
SO1884,Helmet
SO1884,Socks
SO1884,Shoes
SO1885,Bottle
SO1885,Shorts
SO1885,Socks
SO1885,Gloves
SO1886,Bottle
SO1887,Jersey
SO1888,Bike
SO1888,Bottle
SO1888,Jersey
SO1889,Shorts
SO1889,Gloves
SO1889,Bottle
SO1890,Socks
SO1890,Bottle
SO1890,Gloves
SO1890,Helmet
SO1891,Shorts
SO1892,Bottle
SO1893,Bottle
SO1893,Jersey
SO1893,Helmet
SO1894,Bottle
SO1894,Shorts
SO1894,Gloves
SO1894,Helmet
SO1895,Bottle
SO1896,Helmet
SO1897,Bike
SO1897,Socks
SO1897,Helmet
SO1897,Shorts
SO1898,Bottle
SO1898,Helmet
SO1898,Gloves
SO1898,Bike
SO1899,Helmet
SO1899,Shorts
SO1900,Shoes
SO1900,Gloves
SO1900,Helmet
SO1901,Shoes
SO1901,Gloves
SO1901,Bike
SO1901,Bottle
SO1902,Bike
SO1902,Shoes
SO1902,Bottle
SO1903,Bike
SO1903,Shoes
SO1904,Shorts
SO1904,Jersey
SO1904,Bottle
SO1904,Bike
SO1905,Bottle
SO1906,Shoes
SO1906,Bike
SO1907,Socks
SO1907,Shoes
SO1908,Socks
SO1908,Gloves
SO1908,Shoes
SO1909,Socks
SO1909,Bottle
SO1909,Jersey
SO1909,Helmet
SO1910,Gloves
SO1910,Shoes
SO1910,Shorts
SO1910,Socks
SO1911,Gloves
SO1911,Socks
SO1911,Jersey
SO1911,Shoes
SO1912,Shorts
SO1913,Socks
SO1913,Shoes
SO1913,Helmet
SO1913,Shorts
SO1914,Shoes
SO1914,Bike
SO1914,Jersey
SO1914,Helmet
SO1915,Gloves
SO1915,Jersey
SO1916,Shoes
SO1916,Helmet
SO1916,Socks
SO1916,Bike
SO1917,Jersey
SO1917,Gloves
SO1917,Socks
SO1918,Bottle
SO1918,Bike
SO1918,Gloves
SO1919,Shoes
SO1919,Jersey
SO1919,Gloves
SO1919,Socks
SO1920,Jersey
SO1920,Helmet
SO1920,Gloves
SO1921,Bike
SO1921,Shorts
SO1921,Jersey
SO1922,Gloves
SO1923,Jersey
SO1923,Shorts
SO1924,Socks
SO1924,Shorts
SO1924,Gloves
SO1924,Bottle
SO1925,Socks
SO1925,Shorts
SO1925,Bottle
SO1926,Shoes
SO1926,Helmet
SO1926,Socks
SO1927,Socks
SO1927,Shoes
SO1928,Bike
SO1928,Gloves
SO1929,Helmet
SO1930,Shoes
SO1931,Bike
SO1931,Socks
SO1931,Bottle
SO1932,Shorts
SO1932,Bike
SO1933,Shoes
SO1933,Helmet
SO1933,Shorts
SO1934,Socks
SO1934,Helmet
SO1935,Bike
SO1936,Bike
SO1936,Bottle
SO1936,Helmet
SO1937,Shorts
SO1937,Jersey
SO1938,Bike
SO1939,Jersey
SO1939,Bike
SO1939,Gloves
SO1939,Socks
SO1940,Bottle
SO1940,Gloves
SO1941,Bike
SO1941,Shoes
SO1942,Shoes
SO1942,Helmet
SO1942,Gloves
SO1943,Socks
SO1943,Bottle
SO1943,Bike
SO1943,Gloves
SO1944,Shoes
SO1944,Bike
SO1945,Bottle
SO1945,Jersey
SO1945,Shorts
SO1945,Helmet
SO1946,Shorts
SO1946,Helmet
SO1946,Jersey
SO1946,Gloves
SO1947,Bike
SO1947,Helmet
SO1948,Helmet
SO1948,Bike
SO1948,Shorts
SO1949,Bottle
SO1949,Shoes
SO1950,Helmet
SO1950,Gloves
SO1951,Bike
SO1951,Bottle
SO1951,Gloves
SO1951,Shoes
SO1952,Shorts
SO1953,Helmet
SO1953,Jersey
SO1953,Socks
SO1954,Bike
SO1954,Helmet
SO1954,Socks
SO1954,Bottle
SO1955,Jersey
SO1955,Socks
SO1956,Shorts
SO1956,Helmet
SO1956,Bottle
SO1957,Shoes
SO1957,Shorts
SO1957,Jersey
SO1958,Helmet
SO1958,Bike
SO1958,Socks
SO1959,Shoes
SO1959,Gloves
SO1959,Socks
SO1960,Bike
SO1961,Jersey
SO1961,Bottle
SO1961,Socks
SO1961,Helmet
SO1962,Gloves
SO1963,Shoes
SO1963,Helmet
SO1964,Bike
SO1965,Bottle
SO1966,Socks
SO1967,Gloves
SO1967,Bottle
SO1967,Shorts
SO1968,Bike
SO1968,Jersey
SO1968,Shoes
SO1969,Shoes
SO1970,Gloves
SO1970,Jersey
SO1970,Socks
SO1971,Bottle
SO1971,Socks
SO1971,Bike
SO1971,Jersey
SO1972,Shoes
SO1973,Jersey
SO1974,Bike
SO1974,Socks
SO1975,Bottle
SO1975,Socks
SO1975,Shorts
SO1976,Jersey
SO1977,Bike
SO1977,Socks
SO1977,Jersey
SO1977,Gloves
SO1978,Jersey
SO1978,Helmet
SO1978,Shorts
SO1978,Bottle
SO1979,Gloves
SO1980,Shorts
SO1981,Helmet
SO1981,Shorts
SO1982,Helmet
SO1982,Bottle
SO1982,Shoes
SO1982,Shorts
SO1983,Bottle
SO1983,Gloves
SO1983,Jersey
SO1984,Gloves
SO1984,Socks
SO1984,Bottle
SO1985,Shoes
SO1986,Bike
SO1986,Shoes
SO1986,Gloves
SO1986,Socks
SO1987,Gloves
SO1987,Shoes
SO1987,Bike
SO1988,Shorts
SO1988,Bottle
SO1989,Gloves
SO1989,Helmet
SO1989,Bike
SO1989,Shorts
SO1990,Socks
SO1990,Shoes
SO1991,Gloves
SO1991,Helmet
SO1991,Bottle
SO1991,Shorts
SO1992,Bike
SO1992,Shorts
SO1992,Bottle
SO1993,Bottle
SO1993,Helmet
SO1993,Socks
SO1994,Gloves
SO1995,Socks
SO1996,Socks
SO1997,Bottle
SO1997,Helmet
SO1997,Shorts
SO1997,Jersey
SO1998,Helmet
SO1998,Jersey
SO1998,Socks
SO1998,Gloves
SO1999,Helmet
SO1999,Gloves
SO1999,Shoes
SO2000,Shoes
SO2000,Shorts
SO2000,Socks
